{
    "Mentiongift": false,
    "Mentionkick": false,
    "Respontag": "",
    "Talkblacklist": {},
    "Talkdblacklist": false,
    "Talkwblacklist": false,
    "addadmin": false,
    "addbots": false,
    "postId": [],
    "addstaff": false,
    "admin": {},
    "autoAdd": true,
    "autoJoin": true,
    "autoLeave": false,
    "autoLeave1": false,
    "blacklist": {},
    "bots": {},
    "autolike": true,
    "com": true,
    "postId": [],
    "commet": "",
    "contact": false,
    "dblacklist": false,
    "delladmin": false,
    "dellbots": false,
    "dellstaff": false,
    "detectMention": false,
    "leave": "",
    "limit": 1,
    "mention": "i",
    "message": "",
    "owner": {},
    "selfbot": true,
    "staff": {},
    "sticker": false,
    "talkban": true,
    "unsend": true,
    "wblacklist": false,
    "welcome": " ",
    "welcomeOn": false
}
